<?xml version="1.0"?>
<rss version="2.0" xmlns:creativeCommons="http://backend.userland.com/creativeCommonsRssModule">
	<channel>
		<title>Scripting News</title>
		<link>http://www.scripting.com/</link>
		<description>A weblog about scripting and stuff like that.</description>
		<language>en-us</language>
		<copyright>Copyright 1997-2002 Dave Winer</copyright>
		<creativeCommons:license>http://www.creativecommons.org/licenses/by-nd/1.0</creativeCommons:license>
		<lastBuildDate>Mon, 16 Dec 2002 13:00:02 GMT</lastBuildDate>
		<docs>http://backend.userland.com/rss</docs>
		<generator>Radio UserLand v8.0.5</generator>
		<managingEditor>dave@userland.com</managingEditor>
		<webMaster>dave@userland.com</webMaster>
		<item>
			<description>Creative Commons &lt;a href="http://www.creativecommons.org/press-releases/entry/3476"&gt;press release&lt;/a&gt;. "People want to bridge the public domain with the realm of private copyrights," said Stanford Law Professor and Creative Commons Chairman Lawrence Lessig. </description>
			<pubDate>Mon, 16 Dec 2002 12:48:41 GMT</pubDate>
			<guid>http://scriptingnews.userland.com/backissues/2002/12/16#When:4:48:41AM</guid>
			</item>
		<item>
			<description>&lt;a href="http://www.creativecommons.org/"&gt;&lt;img src="http://www.creativecommons.org/icon/sa/standard.gif" width="32" height="32" align="left" hspace="5" vspace="5" border="0"&gt;&lt;/a&gt;This morning Creative Commons opened up a formerly private part of their site containing enumerations of the different &lt;a href="http://www.creativecommons.org/licenses/"&gt;licenses they support&lt;/a&gt;. It's very simple. A document, a weblog, a RSS file, a PDF or whatever, can specify which license applies. On the CC site, they tell you how to do it with RDF, but I'm interested in a solution that can be used in RSS 2.0 files, so we can in turn add a user interface to Rado and Manila (and others can do it for other authoring tools) that tie into the CC system. I totally support the idea of lawyers helping creative people instead of imprisoning us, but I can't convert everything I do to RDF to do that. Tonight is their launch. I'm toing it. If we can get a namespace defined and vetted today, I can announce our support tonight. An &lt;a href="http://www.google.com/search?hl=en&amp;lr=&amp;ie=UTF-8&amp;oe=UTF-8&amp;safe=off&amp;q=%22on+internet+time%22"&gt;Internet-Time&lt;/a&gt; solution to remind us we used to have a Can-Do attitude. </description>
			<pubDate>Mon, 16 Dec 2002 12:21:08 GMT</pubDate>
			<guid>http://scriptingnews.userland.com/backissues/2002/12/16#When:4:21:08AM</guid>
			<creativeCommons:license>http://www.creativecommons.org/licenses/by-nc/1.0</creativeCommons:license>
			</item>
		</channel>
	</rss>