<?xml version="1.0"?>
<!-- RSS generated by Radio UserLand v8.0.9b2 on Sun, 27 Jun 2004 16:23:38 GMT -->
<rss version="2.0">
	<channel>
		<title>Adam Curry: payload</title>
		<link>http://radio.weblogs.com/0001014/categories/payload/</link>
		<description>Adam Currys rss enclosure test channel</description>
		<language>en-us</language>
		<copyright>Copyright 2004 Adam Curry</copyright>
		<lastBuildDate>Sun, 27 Jun 2004 16:23:38 GMT</lastBuildDate>
		<docs>http://backend.userland.com/rss</docs>
		<generator>Radio UserLand v8.0.9b2</generator>
		<managingEditor>adam@curry.com</managingEditor>
		<webMaster>adam@curry.com</webMaster>
		<category domain="http://www.weblogs.com/rssUpdates/changes.xml">rssUpdates</category> 
		<skipHours>
			<hour>1</hour>
			<hour>2</hour>
			<hour>3</hour>
			<hour>5</hour>
			<hour>0</hour>
			<hour>4</hour>
			<hour>6</hour>
			<hour>19</hour>
			</skipHours>
		<cloud domain="radio.xmlstoragesystem.com" port="80" path="/RPC2" registerProcedure="xmlStorageSystem.rssPleaseNotify" protocol="xml-rpc"/>
		<ttl>60</ttl>
		<item>
			<title>collaborative audio books</title>
			<description>About a week and a half ago I stumbled onto AKMA's brilliant &lt;a href="http://akma.disseminary.org/archives/001253.html"&gt;idea&lt;/a&gt; to create an audio-book version of Lawrence Lessig's new book "&lt;a href="http://free-culture.org/index.html"&gt;Free Culture&lt;/a&gt;". Bloggers quickly signed up to the collaborative by claiming chapters to read in the posting's comments.

I arrived a bit late to the party, so I didn't get to read a chapter, although there is plenty of room for alternative voices and reads, but that's for later.

I'm a big believer in audio books and 'read' this way frequently. I just finished Dan Brown's '&lt;a href="http://www.audible.com/adbl/store/product.jsp?BV_SessionID=@@@@1955256185.1081010988@@@@&amp;BV_EngineID=cccjadcldmjggkecefecegedfhfdgfi.0&amp;uniqueKey=1081011004352&amp;productID=BK_RAND_000266"&gt;The DaVinci Code&lt;/a&gt;' in about 2 week's time of travelling to my morning radio show whilst listeing in the car. I use my iPod and the &lt;a href="http://www.thinkdifferentstore.com/product_info.php?products_id=250"&gt;iTrip&lt;/a&gt;, a snap-on fm-transmitter, so I can enjoy the reading on my car's stereo. It's also much safer.

I listen to lots of stuff on my iPod besides music and audio books. There are &lt;a href="http://blogs.law.harvard.edu/lydon/specialRssFeed"&gt;interviews&lt;/a&gt; and archives of old radio shows. There's even an &lt;a href="http://radio.weblogs.com/0001014/categories/dailyAudioBible/rss.xml"&gt;audio bible&lt;/a&gt;.

Downloading these files and getting them onto my iPod was a tedious task. Clicking and waiting for hundreds of megabytes to be transferred just doesn't cut the mustard. Not at least, from a broadcaster's perspective. I believe there is a market for subscription based audio and video. As long as it requires no intervention from the user other than clicking the play button for instantaneous playback.

That's where &lt;a href="http://www.thetwowayweb.com/payloadsforrss"&gt;rss enclosures&lt;/a&gt; come in. The concept results in a subscribable service that delivers new content to your news aggregator. Additional &lt;a href="http://www.blognewsnetwork.com/members/0000001/2003/08/31.html#a4390"&gt;'glue'&lt;/a&gt; gets it onto the desired playback system automatically.

This is how I receive a new verse from the bible every day on my iPod. It's always there for me in the morning when I take my iPod from it's dock. No intervention required on my part. The same process can be created with video files that are sent to a TiVo.

Today I created an &lt;a href="http://radio.weblogs.com/0001014/categories/freeCulture/rss.xml"&gt;rss feed&lt;/a&gt; for the Free Culture audio-book project. Subscribing to it with an &lt;a href="http://blogs.law.harvard.edu/tech/directory/5/aggregators/enclosureawareAggregators"&gt;enclosure aware aggregator&lt;/a&gt; will download all the files you need to assemble the audio book.

A logical followup to this project would be more &lt;i&gt;multiple reader&lt;/i&gt; audio books. These could be delivered in &lt;i&gt;one go&lt;/i&gt; as with the Free Culture feed, or they could be by subscription, where a new chapter is delivered daily. Regardless of your reading pace, the content will always be there when you are ready for it, not the other way around.

Ofcourse non of this would have been possible without Lessig's gracious Creative Commons &lt;a href="http://creativecommons.org/licenses/by-nc/1.0/"&gt;license&lt;/a&gt;.

This brings me to the &lt;a href="http://www.gutenberg.net/find.php"&gt;Project Gutenberg&lt;/a&gt;. A collaborative project that catalogues the texts of books that are old enough to qualify as a part of the &lt;a href="http://www.gutenberg.net/faq/C-8.shtml"&gt;public domain&lt;/a&gt;. &lt;a href="http://www.gutenberg.net/faq/C-10.shtml"&gt;Most&lt;/a&gt; are 100 years old, but there are many extremely recognizable &lt;a href="http://www.gutenberg.net/cgi-bin/search/t9.cgi?subject=Children's%20literature"&gt;titles&lt;/a&gt; and &lt;a href="http://www.gutenberg.net/cgi-bin/search/t9.cgi?author=mark+twain&amp;title=&amp;whole=yes&amp;browse=25"&gt;authors&lt;/a&gt;. Many are classics that can still be enjoyed by new audiences today, as they have for decades. I was pleasantly surprised to find that the Tom Swift &lt;a href="http://www.gutenberg.net/cgi-bin/search/t9.cgi"&gt;series&lt;/a&gt;, which i read a a kid, are now in the public domain.

The Free Culture audio-book experiment showed me how quickly and efficiently this type of content can be produced, I am certain the model can be replicated with content from Project Gutenberg and hope to discuss this concept with others at &lt;a href="http://blogs.law.harvard.edu/bloggerCon/"&gt;BloggerCon II&lt;/a&gt;.</description>
			<guid isPermaLink="false">http://radio.weblogs.com/0001014/categories/payload/2004/04/03.html#a5477</guid>
			<pubDate>Sat, 03 Apr 2004 17:34:19 GMT</pubDate>
			</item>
		<item>
			<title>operation iraqi convertible</title>
			<description>"It appears to be fornecation in a convertible sir." Another awesome &lt;a href="http://live.curry.com/mpg/OH-58D-JRTC-Fun.avi"&gt;video&lt;/a&gt; shot from an attack helicopter.</description>
			<guid isPermaLink="false">http://radio.weblogs.com/0001014/categories/payload/2004/03/15.html#a5370</guid>
			<pubDate>Mon, 15 Mar 2004 09:41:11 GMT</pubDate>
			<enclosure url="http://live.curry.com/mpg/OH-58D-JRTC-Fun.avi" length="36088826" type="video/x-msvideo"/>
			</item>
		<item>
			<title>rss enclosures growing</title>
			<description>&lt;img src="http://www.blognewsnetwork.com/members/0000001/images/2004/03/14/enclosureDL.jpg" align="right" border=0&gt;Andrew Cochran interviewed Dave Winer last year at a conference. A lot of the conversation is about "rss", specifically &lt;a href="http://www.thetwowayweb.com/payloadsforrss"&gt;enclosures&lt;/a&gt;. Fun to see this 22 meg file had already downloaded and was sitting there waiting for me in my iPod when I awoke. 

Marcus wrote a &lt;a href="http://radio.weblogs.com/0001014/2003/10/20.html#a4644"&gt;script&lt;/a&gt; for me last year that takes an rss enclosure that ends with .mp3 and automagically adds it to a special iPod playlist once it's been downloaded.

I've also been testing &lt;a href="http://grumet.net/weblog/archives/2004/03/11/000692.html"&gt;Andrew's&lt;/a&gt; BitTorrent glue. Works as advertised!</description>
			<guid isPermaLink="false">http://radio.weblogs.com/0001014/categories/payload/2004/03/14.html#a5361</guid>
			<pubDate>Sun, 14 Mar 2004 09:17:43 GMT</pubDate>
			</item>
		<item>
			<title>journey to mars</title>
			<description>A beautiful quicktime movie of the Spirit's journey to mars.</description>
			<guid isPermaLink="false">http://radio.weblogs.com/0001014/categories/payload/2004/01/17.html#a5091</guid>
			<pubDate>Sat, 17 Jan 2004 18:45:49 GMT</pubDate>
			<enclosure url="http://dinix.maasdigital.com/largefiles/mervideo-large-start-origincode.mov" length="33718" type="video/quicktime"/>
			</item>
		<item>
			<title>are they crooked?</title>
			<description>I &lt;a href="http://feeds.scripting.com/viewSharedFeeds?source=1c7f1d6278d9daf402e5c6f5f7eee8e0&amp;op=View"&gt;see&lt;/a&gt; there's a few folks subscribed to my payload channel. An enclosure for y'all today.</description>
			<guid isPermaLink="false">http://radio.weblogs.com/0001014/categories/payload/2004/01/04.html#a5022</guid>
			<pubDate>Sun, 04 Jan 2004 18:09:27 GMT</pubDate>
			<enclosure url="http://download.ifilm.com/qt/portal/2483058_200.mov" length="7846190" type="video/quicktime"/>
			</item>
		<item>
			<description>Today is Sinterklaas in the Netherlands. Although the country celebrates Christmas and giftgiving on the 25th, this tradition looks similar, but has a totally &lt;a href="http://www-astro.physics.ox.ac.uk/~erik/sint/sint.html#explanation"&gt;different&lt;/a&gt; background. 

Sinterklaas was indeed a real guy: St. Nikolaus and he really was a bishop and he became famous as an infant because he allegedly stopped drinking his mothers breast milk when it was time to fast.... 

The story goes that when he was a bishop he once saved three young women from their dismal life of prostitution by tossing gold coins through their window, which landed in their shoes. 

Today the tradition of children placing their (wooden) shoes by the window to receive treats and gifts is clearly related to the legend. Not quite sure about the White horse, the headquarters in Spain or the politically incorrect 'Black Piets" that are his helpers.

And in 2003 we've even got a &lt;a href="http://www.boomchicago.nl/images/zwarte_rap_1.wmv"&gt;rap video&lt;/a&gt; for SInt.</description>
			<guid isPermaLink="false">http://radio.weblogs.com/0001014/categories/payload/2003/12/05.html#a4879</guid>
			<pubDate>Fri, 05 Dec 2003 07:48:54 GMT</pubDate>
			<enclosure url="http://www.boomchicago.nl/images/zwarte_rap_1.wmv" length="4020083" type="text/plain"/>
			</item>
		<item>
			<title>european anthem</title>
			<description>Kewl, I just found the &lt;a href="http://europa.eu.int/abc/symbols/anthem/index_en.htm"&gt;European Anthem&lt;/a&gt;. No words [intenionally], but quite a familiar &lt;a href="http://europa.eu.int/abc/symbols/anthem/sounds/anthem-96kbps.mp3"&gt;piece&lt;/a&gt; of music.</description>
			<guid isPermaLink="false">http://radio.weblogs.com/0001014/categories/payload/2003/12/03.html#a4871</guid>
			<pubDate>Wed, 03 Dec 2003 08:45:11 GMT</pubDate>
			<enclosure url="http://europa.eu.int/abc/symbols/anthem/sounds/anthem-96kbps.mp3" length="868458" type="audio/x-mpeg"/>
			</item>
		<item>
			<title>exnodes for sale</title>
			<description>&lt;a href="http://euro.weblogs.com/members/0000002/"&gt;Marcus&lt;/a&gt; turned me onto the &lt;a href="http://loci.cs.utk.edu/modules.php?name=Content&amp;pa=showpage&amp;pid=35"&gt;IBPvo&lt;/a&gt; project that uses &lt;a href="http://www.syllabus.com/news_issue.asp?id=153&amp;IssueDate=10/30/2003"&gt;LoRS&lt;/a&gt;. Without a doubt something big media companies will want to take a look at. Currently you can set a 'vcr' to record any television program, and download it super fast from distributed nodes. I can't get access to the system because it is intended for scholastic and research purposes only and I guess I don't qualify. I was hoping to figure out a way to attach an exnode (that's the file (200kb) you receive in the mail when your recorded program is ready for watching) as an enclosure in an RSS feed. I &lt;a href="http://www.blognewsnetwork.com/members/0000001/2003/11/15.html#a4777"&gt;will pay&lt;/a&gt; for access to such a system/service/feed. Feel free to send me any exnodes you have layin' around :)

The more I play around with this system, the more perfect it seems for RSS enclosures. When you store a file, it has a &lt;i&gt;lease&lt;/i&gt; of 1 day before it is purged from the system. More than enough time for an aggregator to download the file and store a local copy. Self cleansing distribution and storage!

I've attached an exnode of an mp3 if anyone wants to give the system a try.</description>
			<guid isPermaLink="false">http://radio.weblogs.com/0001014/categories/payload/2003/11/23.html#a4822</guid>
			<pubDate>Sun, 23 Nov 2003 14:03:16 GMT</pubDate>
			<enclosure url="http://live.curry.com/mpg/10cc.mp3.xnd" length="1653" type="text/plain"/>
			</item>
		<item>
			<title>enclosures problem in radio</title>
			<description>I just noticed the "Radio Userland" has a problem with long filenames when downloading enclosures. It looks like the downloads occur, but can't be written to the designated enclosures folder. This results in RU attempting to [re]download massive numbers of files each time you restart. Has anyone else encountered this?</description>
			<guid isPermaLink="false">http://radio.weblogs.com/0001014/categories/payload/2003/11/20.html#a4810</guid>
			<pubDate>Thu, 20 Nov 2003 09:29:55 GMT</pubDate>
			</item>
		<item>
			<title>more video for your rss aggregator</title>
			<description>"Scripting News": Good thing the convention is in the summer or else you might have to suffer through Kerry playing hockey. (ReRoute: Enclosed in this RSS &lt;a href="http://archive.scripting.com/rss/2003/11/18"&gt;feed&lt;/a&gt;.)

btw, my &lt;a href="http://www.blognewsnetwork.com/members/0000001/2003/11/15.html#a4777"&gt;request&lt;/a&gt; for video enclosures of Leno and Letterman is starting to shape up. I'm getting them in, but not yet via rss enclosures. &lt;i&gt;still digging&lt;/i&gt;.</description>
			<guid isPermaLink="false">http://radio.weblogs.com/0001014/categories/payload/2003/11/19.html#a4798</guid>
			<pubDate>Wed, 19 Nov 2003 07:56:01 GMT</pubDate>
			<enclosure url="http://www.johnkerry.com/video/111503_ontheroad_wmv_dsl.wmv" length="4227134" type="video/x-ms-wmv"/>
			</item>
		<item>
			<title>payment for payloads</title>
			<description>Yesterday dave &lt;a href="http://archive.scripting.com/2003/11/13#When:5:33:37PM"&gt;added&lt;/a&gt; a 35Mb quicktime video to his rss feed that automagically popped up ready to play on my machine this morning. I will pay &lt;i&gt;anyone&lt;/i&gt; who is willing to set up a similar rss feed with daily enclosures of Letterman and/or Leno's tv show for my private viewing pleasure. If you have a TiVo, it probably can be a completely automated process, including my paypal payment to you.</description>
			<guid isPermaLink="false">http://radio.weblogs.com/0001014/categories/payload/2003/11/15.html#a4777</guid>
			<pubDate>Sat, 15 Nov 2003 09:44:31 GMT</pubDate>
			</item>
		<item>
			<title>kewl app (windows)</title>
			<description>What is &lt;a href="http://lionhardt.com/ee/"&gt;Enclosure Extractor&lt;/a&gt;?</description>
			<guid isPermaLink="false">http://radio.weblogs.com/0001014/categories/payload/2003/11/02.html#a4708</guid>
			<pubDate>Sun, 02 Nov 2003 08:53:14 GMT</pubDate>
			</item>
		<item>
			<title>RSS2iPod</title>
			<description>Mac users can use this &lt;a href="http://radio.weblogs.com/0001014/gems/iPod.zip"&gt;folder applescript&lt;/a&gt; to automagically update your iPod with any new mp3's that are downloaded to your "Radio UserLand" enclosures folder from &lt;a href="http://www.thetwowayweb.com/payloadsforrss"&gt;enclosure aware&lt;/a&gt; "rss" feeds. 

To install: replace "&lt;i&gt;Adam's Curry's iPod"&lt;/i&gt; with the name of your iPod and attach the script to your Enclosures folder (located in your Radio UserLand application folder) using the &lt;i&gt;Attach Script To Folder&lt;/i&gt; script, located in your &lt;i&gt;/Library/Scripts/Folder Actions/&lt;/i&gt; folder. 

You can test this script by subscribing to the &lt;a href="http://radio.weblogs.com/0001014/categories/syncpod/rss.xml"&gt;syncPod channel&lt;/a&gt;, which delivers a new mp3 every day.

&lt;i&gt;Update&lt;/i&gt;: Hmmm, it seems the script only works when the first enclosure is downloaded. Any scripting guru's out there want to help with this script so it transfers &lt;i&gt;all&lt;/i&gt; enclosures?</description>
			<guid isPermaLink="false">http://radio.weblogs.com/0001014/categories/payload/2003/10/12.html#a4604</guid>
			<pubDate>Sun, 12 Oct 2003 10:11:34 GMT</pubDate>
			<enclosure url="http://radio.weblogs.com/0001014/gems/iPod.zip" length="1166" type="application/zip"/>
			</item>
		<item>
			<title>enclosure support updated</title>
			<description>Radio UserLand &lt;a href="http://jake.userland.com/2003/10/09.html#a873"&gt;Update&lt;/a&gt;: The RSS enclosures prefs page now includes a setting for choosing where to save downloaded enclosures.</description>
			<guid isPermaLink="false">http://radio.weblogs.com/0001014/categories/payload/2003/10/11.html#a4592</guid>
			<pubDate>Sat, 11 Oct 2003 10:45:47 GMT</pubDate>
			</item>
		<item>
			<title>syncPod channel update</title>
			<description>The syncPod channel has bene updated with a new mp3. This feed is intended to stimulate the &lt;a href="http://www.blognewsnetwork.com/members/0000001/2003/10/05.html#a4556"&gt;development&lt;/a&gt; of "rss" &lt;a href="http://www.thetwowayweb.com/payloadsforrss"&gt;enclosure&lt;/a&gt; applications. &lt;i&gt;Subscribe&lt;/i&gt; &lt;a href="http://radio.weblogs.com/0001014/categories/syncpod/rss.xml"&gt;&lt;img src="http://cloud.datashed.net/static/images/xml.gif" align="bottom"&gt;&lt;/a&gt;</description>
			<guid isPermaLink="false">http://radio.weblogs.com/0001014/categories/payload/2003/10/06.html#a4561</guid>
			<pubDate>Mon, 06 Oct 2003 11:46:39 GMT</pubDate>
			</item>
		<item>
			<title>enclosures</title>
			<description>Sjoerd &lt;a href="http://w3future.com/weblog/2003/10/04.xml#a259"&gt;experiences&lt;/a&gt; rss enclosures and offers alternatives.</description>
			<guid isPermaLink="false">http://radio.weblogs.com/0001014/categories/payload/2003/10/04.html#a4548</guid>
			<pubDate>Sat, 04 Oct 2003 14:18:34 GMT</pubDate>
			</item>
		<item>
			<title>enclosures</title>
			<description>I'm longing for "rss" enclosures in "manila". Chris Lydon is posting some &lt;a href="http://blogs.law.harvard.edu/lydon/2003/09/12#a314"&gt;great inerviews&lt;/a&gt;, his syndicated feed would be perfect for developers to use to help integrate &lt;a href="http://www.thetwowayweb.com/payloadsforrss"&gt;enclosures&lt;/a&gt; into their &lt;a href="http://www.hebig.org/blogs/archives/main/000877.php"&gt;aggregators.&lt;/a&gt;

Once you use an aggregator that knows what to do with enclosures, you'll never want to look back! Your aggregator shows a new media-file is available and when you click the link, the file plays instantaneously. No waiting, since your aggregator downloaded the file prior to announcing it ,in order to deliver an awesome time-shift experience.</description>
			<guid isPermaLink="false">http://radio.weblogs.com/0001014/categories/payload/2003/09/13.html#a4462</guid>
			<pubDate>Sat, 13 Sep 2003 13:57:37 GMT</pubDate>
			</item>
		<item>
			<title>johnny cashes in</title>
			<description>&lt;a href="http://www.blognewsnetwork.com/members/0000001/images/2003/09/13/johnnyCash.jpg"&gt;&lt;img src="http://www.blognewsnetwork.com/members/0000001/images/2003/09/13/johnnyCash.jpg" align="right" border=0&gt;&lt;/a&gt; Johnny Cash &lt;a href="http://news.yahoo.com/news?tmpl=story2&amp;u=/030912/241/595mx.html&amp;e=1&amp;ncid=1750"&gt;passed away&lt;/a&gt; yesterday at 71. I scanned my iTunes library and have one of my favourite man in black songs blasting away this morning. The uncensored version of &lt;a href="http://www.blognewsnetwork.com/members/0000001/mpg/boyNamedSue.mp3"&gt;Boy named Sue&lt;/a&gt; is attached to this post as an enclosure.</description>
			<guid isPermaLink="false">http://radio.weblogs.com/0001014/categories/payload/2003/09/13.html#a4459</guid>
			<pubDate>Sat, 13 Sep 2003 12:16:21 GMT</pubDate>
			<enclosure url="http://www.blognewsnetwork.com/members/0000001/mpg/boyNamedSue.mp3" length="3811787" type="audio/mpeg"/>
			</item>
		<item>
			<title>dutch 747 captain</title>
			<description>We take our soccer &lt;a href="http://www.blognewsnetwork.com/members/0000001/mpg/YourCaptainSpeaking.mov"&gt;seriously&lt;/a&gt; here in holland. "rss" subsbribers with an enclosure aware aggregtor will automagically recieve the attached file.</description>
			<guid isPermaLink="false">http://radio.weblogs.com/0001014/categories/payload/2003/09/03.html#a4417</guid>
			<pubDate>Wed, 03 Sep 2003 14:54:48 GMT</pubDate>
			<enclosure url="http://www.blognewsnetwork.com/members/0000001/mpg/YourCaptainSpeaking.mov" length="2898322" type="video/quicktime"/>
			</item>
		<item>
			<title>ipod rss parser</title>
			<description>I'm even more excited about the &lt;a href="http://blognewsnetwork.com/members/0000001/2003/08/31.html#a4382"&gt;thought&lt;/a&gt; I had earlier. After downloading the &lt;a href="http://cyber.law.harvard.edu/blogs/audio/lydonInterviewsThroughAugust.zip"&gt;zip&lt;/a&gt; file I loaded &lt;a href="http://cyber.law.harvard.edu/blogs/audio/lydonInterviewsThroughAugust.zip"&gt;Christopher Lydon's&lt;/a&gt; interviews into my ipod. &lt;i&gt;Bing&lt;/i&gt;. This is powerful stuff, now the dots need to be connected.

I'm looking for an application (or glue for several existing apps) that will parse an rss feed for enclosures and load them into a new playlist on my [docked] ipod.

&lt;i&gt;Update&lt;/i&gt;: &lt;a href="http://www.fondantfancies.com/shrook/"&gt;Shrook&lt;/a&gt; can export rss feeds to my ipod. No support for enclosures..yet.</description>
			<guid isPermaLink="false">http://radio.weblogs.com/0001014/categories/payload/2003/08/31.html#a4390</guid>
			<pubDate>Sun, 31 Aug 2003 14:39:33 GMT</pubDate>
			</item>
		<item>
			<title>happy sunday tune</title>
			<description>There's something about &lt;a href="http://www.mojones.nl/"&gt;Mo Jones&lt;/a&gt; that makes my smile when I hear their tunes. These guys are from holland, recorded theor album in their attic on Pro-Tools and recently kicked ass at the &lt;a href="http://www.northseajazz.nl/index.en.html"&gt;North Sea Jazz Festival&lt;/a&gt;. If you're using an &lt;a href="http://blogs.law.harvard.edu/tech/directory/5/aggregators/enclosureawareAggregators"&gt;enclosure aware aggregator&lt;/a&gt;, you'll automagically receive the &lt;a href="http://www.blognewsnetwork.com/members/0000001/mpg/HowTheWindBlows.mp3"&gt;mp3&lt;/a&gt; of How The Wind Blows.</description>
			<guid isPermaLink="false">http://radio.weblogs.com/0001014/categories/payload/2003/08/24.html#a4359</guid>
			<pubDate>Sun, 24 Aug 2003 12:59:27 GMT</pubDate>
			<enclosure url="http://www.blognewsnetwork.com/members/0000001/mpg/HowTheWindBlows.mp3" length="4698990" type="audio/mpeg"/>
			</item>
		<item>
			<title>fixing email</title>
			<description>&lt;a href="http://www.blognewsnetwork.com/members/0000001/stories/2003/08/22/emailIsDeadRSSrulez.html"&gt;Essay&lt;/a&gt;: Email is dead, long live email!&lt;ul&gt;
	&lt;li&gt;&lt;i&gt;"I'm quite pleased that most of the recent email problems stem mostly from Microsoft's free email client. This is where we get to sneak rss into the email jet-wash.&lt;/i&gt;"&lt;/li&gt;
&lt;/ul&gt;</description>
			<guid isPermaLink="false">http://radio.weblogs.com/0001014/categories/payload/2003/08/22.html#a4343</guid>
			<pubDate>Fri, 22 Aug 2003 11:30:01 GMT</pubDate>
			</item>
		<item>
			<title>new jazz thing</title>
			<description>Vincent Outlaw is &lt;a href="http://ksds-fm.org/newjazzthing/2003/08/16.html#a1061"&gt;working&lt;/a&gt; on blogging NPR with audio enclosures.</description>
			<guid isPermaLink="false">http://radio.weblogs.com/0001014/categories/payload/2003/08/16.html#a4312</guid>
			<pubDate>Sat, 16 Aug 2003 21:26:19 GMT</pubDate>
			</item>
		<item>
			<title>matrixXP</title>
			<description>&lt;a name="ld192ab763f5fae294773df5598324a59"&gt;&lt;a href="http://www.marbatono.com/orangedungarees/"&gt;Orange dungarees&lt;/a&gt; is always good for a spoof vid of something. Today they point to an excellend spoof: &lt;a href="http://www.matrixxp2.de/MATRIX_engl_DSL.mov"&gt;MatrixXP&lt;/a&gt; [quicktime movie]&amp;nbsp;&lt;a href="http://live.curry.com/2003/07/15#ld192ab763f5fae294773df5598324a59" title="Permanent link to this item in archive."&gt;&lt;img src="http://www.scripting.com/images/2001/09/20/sharpPermaLink3.gif" height="9" width="6" border="0"&gt;&lt;/a&gt;&lt;br&gt;</description>
			<guid isPermaLink="false">http://radio.weblogs.com/0001014/categories/payload/2003/07/15.html#a4119</guid>
			<pubDate>Tue, 15 Jul 2003 08:21:36 GMT</pubDate>
			<enclosure url="http://www.matrixxp2.de/MATRIX_engl_DSL.mov" length="17202352" type="video/quicktime"/>
			</item>
		<item>
			<title>k2blog</title>
			<description>Caf&amp;eacute; Gerinka is using konspire to post an audioblog [&lt;a href="http://localhost:8085/keyAdd1055739069_D40FF5211A?channel=Adam+Curry's+kast+Test+Channel&amp;keyFilePath=caught_receiver_keys%2F6784_1055760114_529420151%2Ekey&amp;keySourceURL=/catcher1055739070_D40FF5211A"&gt;subscribe&lt;/a&gt;]</description>
			<guid isPermaLink="false">http://radio.weblogs.com/0001014/categories/payload/2003/06/16.html#a3872</guid>
			<pubDate>Mon, 16 Jun 2003 10:43:09 GMT</pubDate>
			</item>
		</channel>
	</rss>